time,balance
1,37.2222222
2,37.7777778
3,38.3333333
4,38.8888889
5,39.7222222
6,40.5555556
7,41.1111111
8,42.2222222
9,43.3333333
10,44.4444444
11,45
12,45.5555556
13,47.131136
14,48.8888889
15,50
16,51.6666667
17,53.3333333
18,55.5555556
19,57.7777778
20,60
21,62.2222222
22,65.5555556
23,69.2317755
24,74.2604038
25,79.3812935
26,87.2222222
27,98.8888889