time,balance
0,37.2222222
100,37.7777778
200,38.3333333
300,38.8888889
400,39.7222222
500,40.5555556
600,41.1111111
700,42.2222222
800,43.3333333
900,44.4444444
1000,45
1100,45.5555556
1200,47.131136
1300,48.8888889
1400,50
1500,51.6666667
1600,53.3333333
1700,55.5555556
1800,57.7777778
1900,60
2000,62.2222222
2100,65.5555556
2200,69.2317755
2300,74.2604038
2400,79.3812935
2500,87.2222222
2600,98.8888889